schema,table,trigger,definition
auth,users,on_auth_user_profile_sync,"CREATE TRIGGER on_auth_user_profile_sync AFTER INSERT OR UPDATE OF email_confirmed_at, confirmed_at, raw_user_meta_data ON auth.users FOR EACH ROW EXECUTE FUNCTION handle_auth_user_profile_sync()"
public,accounts_payable,trg_set_updated_at,CREATE TRIGGER trg_set_updated_at BEFORE UPDATE ON accounts_payable FOR EACH ROW EXECUTE FUNCTION set_updated_at()
public,accounts_payable,trg_touch_created_at,CREATE TRIGGER trg_touch_created_at BEFORE INSERT ON accounts_payable FOR EACH ROW EXECUTE FUNCTION touch_created_at()
public,accounts_receivable,trg_set_updated_at,CREATE TRIGGER trg_set_updated_at BEFORE UPDATE ON accounts_receivable FOR EACH ROW EXECUTE FUNCTION set_updated_at()
public,accounts_receivable,trg_touch_created_at,CREATE TRIGGER trg_touch_created_at BEFORE INSERT ON accounts_receivable FOR EACH ROW EXECUTE FUNCTION touch_created_at()
public,activity_logs,trg_set_updated_at,CREATE TRIGGER trg_set_updated_at BEFORE UPDATE ON activity_logs FOR EACH ROW EXECUTE FUNCTION set_updated_at()
public,activity_logs,trg_touch_created_at,CREATE TRIGGER trg_touch_created_at BEFORE INSERT ON activity_logs FOR EACH ROW EXECUTE FUNCTION touch_created_at()
public,asphalt_types,trg_set_updated_at,CREATE TRIGGER trg_set_updated_at BEFORE UPDATE ON asphalt_types FOR EACH ROW EXECUTE FUNCTION set_updated_at()
public,asphalt_types,trg_touch_created_at,CREATE TRIGGER trg_touch_created_at BEFORE INSERT ON asphalt_types FOR EACH ROW EXECUTE FUNCTION touch_created_at()
public,audit_logs,trg_set_updated_at,CREATE TRIGGER trg_set_updated_at BEFORE UPDATE ON audit_logs FOR EACH ROW EXECUTE FUNCTION set_updated_at()
public,audit_logs,trg_touch_created_at,CREATE TRIGGER trg_touch_created_at BEFORE INSERT ON audit_logs FOR EACH ROW EXECUTE FUNCTION touch_created_at()
public,avatars,trg_set_updated_at,CREATE TRIGGER trg_set_updated_at BEFORE UPDATE ON avatars FOR EACH ROW EXECUTE FUNCTION set_updated_at()
public,avatars,trg_touch_created_at,CREATE TRIGGER trg_touch_created_at BEFORE INSERT ON avatars FOR EACH ROW EXECUTE FUNCTION touch_created_at()
public,bid_packages,trg_set_updated_at,CREATE TRIGGER trg_set_updated_at BEFORE UPDATE ON bid_packages FOR EACH ROW EXECUTE FUNCTION set_updated_at()
public,bid_packages,trg_touch_created_at,CREATE TRIGGER trg_touch_created_at BEFORE INSERT ON bid_packages FOR EACH ROW EXECUTE FUNCTION touch_created_at()
public,bid_vendors,trg_set_updated_at,CREATE TRIGGER trg_set_updated_at BEFORE UPDATE ON bid_vendors FOR EACH ROW EXECUTE FUNCTION set_updated_at()
public,bid_vendors,trg_touch_created_at,CREATE TRIGGER trg_touch_created_at BEFORE INSERT ON bid_vendors FOR EACH ROW EXECUTE FUNCTION touch_created_at()
public,bids,trg_notify_new_bid,CREATE TRIGGER trg_notify_new_bid AFTER INSERT ON bids FOR EACH ROW EXECUTE FUNCTION notify_new_bid()
public,bids,trg_set_updated_at,CREATE TRIGGER trg_set_updated_at BEFORE UPDATE ON bids FOR EACH ROW EXECUTE FUNCTION set_updated_at()
public,bids,trg_touch_created_at,CREATE TRIGGER trg_touch_created_at BEFORE INSERT ON bids FOR EACH ROW EXECUTE FUNCTION touch_created_at()
public,bim_models,trg_set_updated_at,CREATE TRIGGER trg_set_updated_at BEFORE UPDATE ON bim_models FOR EACH ROW EXECUTE FUNCTION set_updated_at()
public,bim_models,trg_touch_created_at,CREATE TRIGGER trg_touch_created_at BEFORE INSERT ON bim_models FOR EACH ROW EXECUTE FUNCTION touch_created_at()
public,certifications,trg_set_updated_at,CREATE TRIGGER trg_set_updated_at BEFORE UPDATE ON certifications FOR EACH ROW EXECUTE FUNCTION set_updated_at()
public,certifications,trg_touch_created_at,CREATE TRIGGER trg_touch_created_at BEFORE INSERT ON certifications FOR EACH ROW EXECUTE FUNCTION touch_created_at()
public,change_orders,trg_set_updated_at,CREATE TRIGGER trg_set_updated_at BEFORE UPDATE ON change_orders FOR EACH ROW EXECUTE FUNCTION set_updated_at()
public,change_orders,trg_touch_created_at,CREATE TRIGGER trg_touch_created_at BEFORE INSERT ON change_orders FOR EACH ROW EXECUTE FUNCTION touch_created_at()
public,commitments,trg_set_updated_at,CREATE TRIGGER trg_set_updated_at BEFORE UPDATE ON commitments FOR EACH ROW EXECUTE FUNCTION set_updated_at()
public,commitments,trg_touch_created_at,CREATE TRIGGER trg_touch_created_at BEFORE INSERT ON commitments FOR EACH ROW EXECUTE FUNCTION touch_created_at()
public,compliance_checks,trg_set_updated_at,CREATE TRIGGER trg_set_updated_at BEFORE UPDATE ON compliance_checks FOR EACH ROW EXECUTE FUNCTION set_updated_at()
public,compliance_checks,trg_touch_created_at,CREATE TRIGGER trg_touch_created_at BEFORE INSERT ON compliance_checks FOR EACH ROW EXECUTE FUNCTION touch_created_at()
public,compliance_tracking,trg_set_updated_at,CREATE TRIGGER trg_set_updated_at BEFORE UPDATE ON compliance_tracking FOR EACH ROW EXECUTE FUNCTION set_updated_at()
public,compliance_tracking,trg_touch_created_at,CREATE TRIGGER trg_touch_created_at BEFORE INSERT ON compliance_tracking FOR EACH ROW EXECUTE FUNCTION touch_created_at()
public,cost_codes,trg_set_updated_at,CREATE TRIGGER trg_set_updated_at BEFORE UPDATE ON cost_codes FOR EACH ROW EXECUTE FUNCTION set_updated_at()
public,cost_codes,trg_touch_created_at,CREATE TRIGGER trg_touch_created_at BEFORE INSERT ON cost_codes FOR EACH ROW EXECUTE FUNCTION touch_created_at()
public,crew_assignments,trg_set_updated_at,CREATE TRIGGER trg_set_updated_at BEFORE UPDATE ON crew_assignments FOR EACH ROW EXECUTE FUNCTION set_updated_at()
public,crew_assignments,trg_touch_created_at,CREATE TRIGGER trg_touch_created_at BEFORE INSERT ON crew_assignments FOR EACH ROW EXECUTE FUNCTION touch_created_at()
public,crew_members,trg_set_updated_at,CREATE TRIGGER trg_set_updated_at BEFORE UPDATE ON crew_members FOR EACH ROW EXECUTE FUNCTION set_updated_at()
public,crew_members,trg_touch_created_at,CREATE TRIGGER trg_touch_created_at BEFORE INSERT ON crew_members FOR EACH ROW EXECUTE FUNCTION touch_created_at()
public,crews,trg_set_updated_at,CREATE TRIGGER trg_set_updated_at BEFORE UPDATE ON crews FOR EACH ROW EXECUTE FUNCTION set_updated_at()
public,crews,trg_touch_created_at,CREATE TRIGGER trg_touch_created_at BEFORE INSERT ON crews FOR EACH ROW EXECUTE FUNCTION touch_created_at()
public,daily_logs,trg_set_updated_at,CREATE TRIGGER trg_set_updated_at BEFORE UPDATE ON daily_logs FOR EACH ROW EXECUTE FUNCTION set_updated_at()
public,daily_logs,trg_touch_created_at,CREATE TRIGGER trg_touch_created_at BEFORE INSERT ON daily_logs FOR EACH ROW EXECUTE FUNCTION touch_created_at()
public,dashboard_configs,trg_set_updated_at,CREATE TRIGGER trg_set_updated_at BEFORE UPDATE ON dashboard_configs FOR EACH ROW EXECUTE FUNCTION set_updated_at()
public,dashboard_configs,trg_touch_created_at,CREATE TRIGGER trg_touch_created_at BEFORE INSERT ON dashboard_configs FOR EACH ROW EXECUTE FUNCTION touch_created_at()
public,document_references,trg_set_updated_at,CREATE TRIGGER trg_set_updated_at BEFORE UPDATE ON document_references FOR EACH ROW EXECUTE FUNCTION set_updated_at()
public,document_references,trg_touch_created_at,CREATE TRIGGER trg_touch_created_at BEFORE INSERT ON document_references FOR EACH ROW EXECUTE FUNCTION touch_created_at()
public,documents,trg_set_updated_at,CREATE TRIGGER trg_set_updated_at BEFORE UPDATE ON documents FOR EACH ROW EXECUTE FUNCTION set_updated_at()
public,documents,trg_touch_created_at,CREATE TRIGGER trg_touch_created_at BEFORE INSERT ON documents FOR EACH ROW EXECUTE FUNCTION touch_created_at()
public,drawing_versions,trg_set_updated_at,CREATE TRIGGER trg_set_updated_at BEFORE UPDATE ON drawing_versions FOR EACH ROW EXECUTE FUNCTION set_updated_at()
public,drawing_versions,trg_touch_created_at,CREATE TRIGGER trg_touch_created_at BEFORE INSERT ON drawing_versions FOR EACH ROW EXECUTE FUNCTION touch_created_at()
public,dump_trucks,trg_set_updated_at,CREATE TRIGGER trg_set_updated_at BEFORE UPDATE ON dump_trucks FOR EACH ROW EXECUTE FUNCTION set_updated_at()
public,dump_trucks,trg_touch_created_at,CREATE TRIGGER trg_touch_created_at BEFORE INSERT ON dump_trucks FOR EACH ROW EXECUTE FUNCTION touch_created_at()
public,employees,trg_set_updated_at,CREATE TRIGGER trg_set_updated_at BEFORE UPDATE ON employees FOR EACH ROW EXECUTE FUNCTION set_updated_at()
public,employees,trg_touch_created_at,CREATE TRIGGER trg_touch_created_at BEFORE INSERT ON employees FOR EACH ROW EXECUTE FUNCTION touch_created_at()
public,equipment,trg_set_updated_at,CREATE TRIGGER trg_set_updated_at BEFORE UPDATE ON equipment FOR EACH ROW EXECUTE FUNCTION set_updated_at()
public,equipment,trg_touch_created_at,CREATE TRIGGER trg_touch_created_at BEFORE INSERT ON equipment FOR EACH ROW EXECUTE FUNCTION touch_created_at()
public,equipment_assignments,trg_set_updated_at,CREATE TRIGGER trg_set_updated_at BEFORE UPDATE ON equipment_assignments FOR EACH ROW EXECUTE FUNCTION set_updated_at()
public,equipment_assignments,trg_touch_created_at,CREATE TRIGGER trg_touch_created_at BEFORE INSERT ON equipment_assignments FOR EACH ROW EXECUTE FUNCTION touch_created_at()
public,equipment_maintenance,trg_set_updated_at,CREATE TRIGGER trg_set_updated_at BEFORE UPDATE ON equipment_maintenance FOR EACH ROW EXECUTE FUNCTION set_updated_at()
public,equipment_maintenance,trg_touch_created_at,CREATE TRIGGER trg_touch_created_at BEFORE INSERT ON equipment_maintenance FOR EACH ROW EXECUTE FUNCTION touch_created_at()
public,equipment_usage,trg_set_updated_at,CREATE TRIGGER trg_set_updated_at BEFORE UPDATE ON equipment_usage FOR EACH ROW EXECUTE FUNCTION set_updated_at()
public,equipment_usage,trg_touch_created_at,CREATE TRIGGER trg_touch_created_at BEFORE INSERT ON equipment_usage FOR EACH ROW EXECUTE FUNCTION touch_created_at()
public,estimate_line_items,trg_set_updated_at,CREATE TRIGGER trg_set_updated_at BEFORE UPDATE ON estimate_line_items FOR EACH ROW EXECUTE FUNCTION set_updated_at()
public,estimate_line_items,trg_touch_created_at,CREATE TRIGGER trg_touch_created_at BEFORE INSERT ON estimate_line_items FOR EACH ROW EXECUTE FUNCTION touch_created_at()
public,estimates,trg_set_updated_at,CREATE TRIGGER trg_set_updated_at BEFORE UPDATE ON estimates FOR EACH ROW EXECUTE FUNCTION set_updated_at()
public,estimates,trg_touch_created_at,CREATE TRIGGER trg_touch_created_at BEFORE INSERT ON estimates FOR EACH ROW EXECUTE FUNCTION touch_created_at()
public,financial_documents,trg_set_updated_at,CREATE TRIGGER trg_set_updated_at BEFORE UPDATE ON financial_documents FOR EACH ROW EXECUTE FUNCTION set_updated_at()
public,financial_documents,trg_touch_created_at,CREATE TRIGGER trg_touch_created_at BEFORE INSERT ON financial_documents FOR EACH ROW EXECUTE FUNCTION touch_created_at()
public,general_ledger,trg_set_updated_at,CREATE TRIGGER trg_set_updated_at BEFORE UPDATE ON general_ledger FOR EACH ROW EXECUTE FUNCTION set_updated_at()
public,general_ledger,trg_touch_created_at,CREATE TRIGGER trg_touch_created_at BEFORE INSERT ON general_ledger FOR EACH ROW EXECUTE FUNCTION touch_created_at()
public,hr_documents,trg_set_updated_at,CREATE TRIGGER trg_set_updated_at BEFORE UPDATE ON hr_documents FOR EACH ROW EXECUTE FUNCTION set_updated_at()
public,hr_documents,trg_touch_created_at,CREATE TRIGGER trg_touch_created_at BEFORE INSERT ON hr_documents FOR EACH ROW EXECUTE FUNCTION touch_created_at()
public,inspections,trg_set_updated_at,CREATE TRIGGER trg_set_updated_at BEFORE UPDATE ON inspections FOR EACH ROW EXECUTE FUNCTION set_updated_at()
public,inspections,trg_touch_created_at,CREATE TRIGGER trg_touch_created_at BEFORE INSERT ON inspections FOR EACH ROW EXECUTE FUNCTION touch_created_at()
public,integration_tokens,trg_set_updated_at,CREATE TRIGGER trg_set_updated_at BEFORE UPDATE ON integration_tokens FOR EACH ROW EXECUTE FUNCTION set_updated_at()
public,integration_tokens,trg_touch_created_at,CREATE TRIGGER trg_touch_created_at BEFORE INSERT ON integration_tokens FOR EACH ROW EXECUTE FUNCTION touch_created_at()
public,inventory_transactions,trg_set_updated_at,CREATE TRIGGER trg_set_updated_at BEFORE UPDATE ON inventory_transactions FOR EACH ROW EXECUTE FUNCTION set_updated_at()
public,inventory_transactions,trg_touch_created_at,CREATE TRIGGER trg_touch_created_at BEFORE INSERT ON inventory_transactions FOR EACH ROW EXECUTE FUNCTION touch_created_at()
public,issues,trg_set_updated_at,CREATE TRIGGER trg_set_updated_at BEFORE UPDATE ON issues FOR EACH ROW EXECUTE FUNCTION set_updated_at()
public,issues,trg_touch_created_at,CREATE TRIGGER trg_touch_created_at BEFORE INSERT ON issues FOR EACH ROW EXECUTE FUNCTION touch_created_at()
public,job_titles,trg_set_updated_at,CREATE TRIGGER trg_set_updated_at BEFORE UPDATE ON job_titles FOR EACH ROW EXECUTE FUNCTION set_updated_at()
public,job_titles,trg_touch_created_at,CREATE TRIGGER trg_touch_created_at BEFORE INSERT ON job_titles FOR EACH ROW EXECUTE FUNCTION touch_created_at()
public,labor_records,trg_set_updated_at,CREATE TRIGGER trg_set_updated_at BEFORE UPDATE ON labor_records FOR EACH ROW EXECUTE FUNCTION set_updated_at()
public,labor_records,trg_touch_created_at,CREATE TRIGGER trg_touch_created_at BEFORE INSERT ON labor_records FOR EACH ROW EXECUTE FUNCTION touch_created_at()
public,line_item_entries,trg_set_updated_at,CREATE TRIGGER trg_set_updated_at BEFORE UPDATE ON line_item_entries FOR EACH ROW EXECUTE FUNCTION set_updated_at()
public,line_item_entries,trg_touch_created_at,CREATE TRIGGER trg_touch_created_at BEFORE INSERT ON line_item_entries FOR EACH ROW EXECUTE FUNCTION touch_created_at()
public,line_item_templates,trg_set_updated_at,CREATE TRIGGER trg_set_updated_at BEFORE UPDATE ON line_item_templates FOR EACH ROW EXECUTE FUNCTION set_updated_at()
public,line_item_templates,trg_touch_created_at,CREATE TRIGGER trg_touch_created_at BEFORE INSERT ON line_item_templates FOR EACH ROW EXECUTE FUNCTION touch_created_at()
public,line_items,trg_set_updated_at,CREATE TRIGGER trg_set_updated_at BEFORE UPDATE ON line_items FOR EACH ROW EXECUTE FUNCTION set_updated_at()
public,line_items,trg_touch_created_at,CREATE TRIGGER trg_touch_created_at BEFORE INSERT ON line_items FOR EACH ROW EXECUTE FUNCTION touch_created_at()
public,maps,trg_set_updated_at,CREATE TRIGGER trg_set_updated_at BEFORE UPDATE ON maps FOR EACH ROW EXECUTE FUNCTION set_updated_at()
public,maps,trg_touch_created_at,CREATE TRIGGER trg_touch_created_at BEFORE INSERT ON maps FOR EACH ROW EXECUTE FUNCTION touch_created_at()
public,material_inventory,trg_set_updated_at,CREATE TRIGGER trg_set_updated_at BEFORE UPDATE ON material_inventory FOR EACH ROW EXECUTE FUNCTION set_updated_at()
public,material_inventory,trg_touch_created_at,CREATE TRIGGER trg_touch_created_at BEFORE INSERT ON material_inventory FOR EACH ROW EXECUTE FUNCTION touch_created_at()
public,material_orders,trg_set_updated_at,CREATE TRIGGER trg_set_updated_at BEFORE UPDATE ON material_orders FOR EACH ROW EXECUTE FUNCTION set_updated_at()
public,material_orders,trg_touch_created_at,CREATE TRIGGER trg_touch_created_at BEFORE INSERT ON material_orders FOR EACH ROW EXECUTE FUNCTION touch_created_at()
public,material_receipts,trg_set_updated_at,CREATE TRIGGER trg_set_updated_at BEFORE UPDATE ON material_receipts FOR EACH ROW EXECUTE FUNCTION set_updated_at()
public,material_receipts,trg_touch_created_at,CREATE TRIGGER trg_touch_created_at BEFORE INSERT ON material_receipts FOR EACH ROW EXECUTE FUNCTION touch_created_at()
public,materials,trg_set_updated_at,CREATE TRIGGER trg_set_updated_at BEFORE UPDATE ON materials FOR EACH ROW EXECUTE FUNCTION set_updated_at()
public,materials,trg_touch_created_at,CREATE TRIGGER trg_touch_created_at BEFORE INSERT ON materials FOR EACH ROW EXECUTE FUNCTION touch_created_at()
public,meeting_minutes,trg_set_updated_at,CREATE TRIGGER trg_set_updated_at BEFORE UPDATE ON meeting_minutes FOR EACH ROW EXECUTE FUNCTION set_updated_at()
public,meeting_minutes,trg_touch_created_at,CREATE TRIGGER trg_touch_created_at BEFORE INSERT ON meeting_minutes FOR EACH ROW EXECUTE FUNCTION touch_created_at()
public,notifications,trg_set_updated_at,CREATE TRIGGER trg_set_updated_at BEFORE UPDATE ON notifications FOR EACH ROW EXECUTE FUNCTION set_updated_at()
public,notifications,trg_touch_created_at,CREATE TRIGGER trg_touch_created_at BEFORE INSERT ON notifications FOR EACH ROW EXECUTE FUNCTION touch_created_at()
public,organization_members,trg_set_updated_at,CREATE TRIGGER trg_set_updated_at BEFORE UPDATE ON organization_members FOR EACH ROW EXECUTE FUNCTION set_updated_at()
public,organization_members,trg_touch_created_at,CREATE TRIGGER trg_touch_created_at BEFORE INSERT ON organization_members FOR EACH ROW EXECUTE FUNCTION touch_created_at()
public,organization_projects,trg_set_updated_at,CREATE TRIGGER trg_set_updated_at BEFORE UPDATE ON organization_projects FOR EACH ROW EXECUTE FUNCTION set_updated_at()
public,organization_projects,trg_touch_created_at,CREATE TRIGGER trg_touch_created_at BEFORE INSERT ON organization_projects FOR EACH ROW EXECUTE FUNCTION touch_created_at()
public,organizations,trg_set_updated_at,CREATE TRIGGER trg_set_updated_at BEFORE UPDATE ON organizations FOR EACH ROW EXECUTE FUNCTION set_updated_at()
public,organizations,trg_touch_created_at,CREATE TRIGGER trg_touch_created_at BEFORE INSERT ON organizations FOR EACH ROW EXECUTE FUNCTION touch_created_at()
public,payments,trg_set_updated_at,CREATE TRIGGER trg_set_updated_at BEFORE UPDATE ON payments FOR EACH ROW EXECUTE FUNCTION set_updated_at()
public,payments,trg_touch_created_at,CREATE TRIGGER trg_touch_created_at BEFORE INSERT ON payments FOR EACH ROW EXECUTE FUNCTION touch_created_at()
public,payroll,trg_set_updated_at,CREATE TRIGGER trg_set_updated_at BEFORE UPDATE ON payroll FOR EACH ROW EXECUTE FUNCTION set_updated_at()
public,payroll,trg_touch_created_at,CREATE TRIGGER trg_touch_created_at BEFORE INSERT ON payroll FOR EACH ROW EXECUTE FUNCTION touch_created_at()
public,photos,trg_set_updated_at,CREATE TRIGGER trg_set_updated_at BEFORE UPDATE ON photos FOR EACH ROW EXECUTE FUNCTION set_updated_at()
public,photos,trg_touch_created_at,CREATE TRIGGER trg_touch_created_at BEFORE INSERT ON photos FOR EACH ROW EXECUTE FUNCTION touch_created_at()
public,prequalifications,trg_set_updated_at,CREATE TRIGGER trg_set_updated_at BEFORE UPDATE ON prequalifications FOR EACH ROW EXECUTE FUNCTION set_updated_at()
public,prequalifications,trg_touch_created_at,CREATE TRIGGER trg_touch_created_at BEFORE INSERT ON prequalifications FOR EACH ROW EXECUTE FUNCTION touch_created_at()
public,procurement_workflows,trg_set_updated_at,CREATE TRIGGER trg_set_updated_at BEFORE UPDATE ON procurement_workflows FOR EACH ROW EXECUTE FUNCTION set_updated_at()
public,procurement_workflows,trg_touch_created_at,CREATE TRIGGER trg_touch_created_at BEFORE INSERT ON procurement_workflows FOR EACH ROW EXECUTE FUNCTION touch_created_at()
public,profiles,trg_set_updated_at,CREATE TRIGGER trg_set_updated_at BEFORE UPDATE ON profiles FOR EACH ROW EXECUTE FUNCTION set_updated_at()
public,profiles,trg_touch_created_at,CREATE TRIGGER trg_touch_created_at BEFORE INSERT ON profiles FOR EACH ROW EXECUTE FUNCTION touch_created_at()
public,progress_billings,trg_set_updated_at,CREATE TRIGGER trg_set_updated_at BEFORE UPDATE ON progress_billings FOR EACH ROW EXECUTE FUNCTION set_updated_at()
public,progress_billings,trg_touch_created_at,CREATE TRIGGER trg_touch_created_at BEFORE INSERT ON progress_billings FOR EACH ROW EXECUTE FUNCTION touch_created_at()
public,projects,trg_set_updated_at,CREATE TRIGGER trg_set_updated_at BEFORE UPDATE ON projects FOR EACH ROW EXECUTE FUNCTION set_updated_at()
public,projects,trg_touch_created_at,CREATE TRIGGER trg_touch_created_at BEFORE INSERT ON projects FOR EACH ROW EXECUTE FUNCTION touch_created_at()
public,punch_lists,trg_set_updated_at,CREATE TRIGGER trg_set_updated_at BEFORE UPDATE ON punch_lists FOR EACH ROW EXECUTE FUNCTION set_updated_at()
public,punch_lists,trg_touch_created_at,CREATE TRIGGER trg_touch_created_at BEFORE INSERT ON punch_lists FOR EACH ROW EXECUTE FUNCTION touch_created_at()
public,purchase_orders,trg_set_updated_at,CREATE TRIGGER trg_set_updated_at BEFORE UPDATE ON purchase_orders FOR EACH ROW EXECUTE FUNCTION set_updated_at()
public,purchase_orders,trg_touch_created_at,CREATE TRIGGER trg_touch_created_at BEFORE INSERT ON purchase_orders FOR EACH ROW EXECUTE FUNCTION touch_created_at()
public,quality_reviews,trg_set_updated_at,CREATE TRIGGER trg_set_updated_at BEFORE UPDATE ON quality_reviews FOR EACH ROW EXECUTE FUNCTION set_updated_at()
public,quality_reviews,trg_touch_created_at,CREATE TRIGGER trg_touch_created_at BEFORE INSERT ON quality_reviews FOR EACH ROW EXECUTE FUNCTION touch_created_at()
public,regulatory_documents,trg_set_updated_at,CREATE TRIGGER trg_set_updated_at BEFORE UPDATE ON regulatory_documents FOR EACH ROW EXECUTE FUNCTION set_updated_at()
public,regulatory_documents,trg_touch_created_at,CREATE TRIGGER trg_touch_created_at BEFORE INSERT ON regulatory_documents FOR EACH ROW EXECUTE FUNCTION touch_created_at()
public,reports,trg_set_updated_at,CREATE TRIGGER trg_set_updated_at BEFORE UPDATE ON reports FOR EACH ROW EXECUTE FUNCTION set_updated_at()
public,reports,trg_touch_created_at,CREATE TRIGGER trg_touch_created_at BEFORE INSERT ON reports FOR EACH ROW EXECUTE FUNCTION touch_created_at()
public,rfis,trg_set_updated_at,CREATE TRIGGER trg_set_updated_at BEFORE UPDATE ON rfis FOR EACH ROW EXECUTE FUNCTION set_updated_at()
public,rfis,trg_touch_created_at,CREATE TRIGGER trg_touch_created_at BEFORE INSERT ON rfis FOR EACH ROW EXECUTE FUNCTION touch_created_at()
public,safety_incidents,trg_set_updated_at,CREATE TRIGGER trg_set_updated_at BEFORE UPDATE ON safety_incidents FOR EACH ROW EXECUTE FUNCTION set_updated_at()
public,safety_incidents,trg_touch_created_at,CREATE TRIGGER trg_touch_created_at BEFORE INSERT ON safety_incidents FOR EACH ROW EXECUTE FUNCTION touch_created_at()
public,sensor_data,trg_set_updated_at,CREATE TRIGGER trg_set_updated_at BEFORE UPDATE ON sensor_data FOR EACH ROW EXECUTE FUNCTION set_updated_at()
public,sensor_data,trg_touch_created_at,CREATE TRIGGER trg_touch_created_at BEFORE INSERT ON sensor_data FOR EACH ROW EXECUTE FUNCTION touch_created_at()
public,subcontractor_agreements,trg_set_updated_at,CREATE TRIGGER trg_set_updated_at BEFORE UPDATE ON subcontractor_agreements FOR EACH ROW EXECUTE FUNCTION set_updated_at()
public,subcontractor_agreements,trg_touch_created_at,CREATE TRIGGER trg_touch_created_at BEFORE INSERT ON subcontractor_agreements FOR EACH ROW EXECUTE FUNCTION touch_created_at()
public,subcontracts,trg_set_updated_at,CREATE TRIGGER trg_set_updated_at BEFORE UPDATE ON subcontracts FOR EACH ROW EXECUTE FUNCTION set_updated_at()
public,subcontracts,trg_touch_created_at,CREATE TRIGGER trg_touch_created_at BEFORE INSERT ON subcontracts FOR EACH ROW EXECUTE FUNCTION touch_created_at()
public,submittals,trg_set_updated_at,CREATE TRIGGER trg_set_updated_at BEFORE UPDATE ON submittals FOR EACH ROW EXECUTE FUNCTION set_updated_at()
public,submittals,trg_touch_created_at,CREATE TRIGGER trg_touch_created_at BEFORE INSERT ON submittals FOR EACH ROW EXECUTE FUNCTION touch_created_at()
public,tack_rates,trg_set_updated_at,CREATE TRIGGER trg_set_updated_at BEFORE UPDATE ON tack_rates FOR EACH ROW EXECUTE FUNCTION set_updated_at()
public,tack_rates,trg_touch_created_at,CREATE TRIGGER trg_touch_created_at BEFORE INSERT ON tack_rates FOR EACH ROW EXECUTE FUNCTION touch_created_at()
public,task_dependencies,trg_touch_created_at,CREATE TRIGGER trg_touch_created_at BEFORE INSERT ON task_dependencies FOR EACH ROW EXECUTE FUNCTION touch_created_at()
public,tasks,trg_set_updated_at,CREATE TRIGGER trg_set_updated_at BEFORE UPDATE ON tasks FOR EACH ROW EXECUTE FUNCTION set_updated_at()
public,tasks,trg_touch_created_at,CREATE TRIGGER trg_touch_created_at BEFORE INSERT ON tasks FOR EACH ROW EXECUTE FUNCTION touch_created_at()
public,training_records,trg_set_updated_at,CREATE TRIGGER trg_set_updated_at BEFORE UPDATE ON training_records FOR EACH ROW EXECUTE FUNCTION set_updated_at()
public,training_records,trg_touch_created_at,CREATE TRIGGER trg_touch_created_at BEFORE INSERT ON training_records FOR EACH ROW EXECUTE FUNCTION touch_created_at()
public,user_projects,trg_set_updated_at,CREATE TRIGGER trg_set_updated_at BEFORE UPDATE ON user_projects FOR EACH ROW EXECUTE FUNCTION set_updated_at()
public,user_projects,trg_touch_created_at,CREATE TRIGGER trg_touch_created_at BEFORE INSERT ON user_projects FOR EACH ROW EXECUTE FUNCTION touch_created_at()
public,vendor_bid_packages,trg_set_updated_at,CREATE TRIGGER trg_set_updated_at BEFORE UPDATE ON vendor_bid_packages FOR EACH ROW EXECUTE FUNCTION set_updated_at()
public,vendor_bid_packages,trg_touch_created_at,CREATE TRIGGER trg_touch_created_at BEFORE INSERT ON vendor_bid_packages FOR EACH ROW EXECUTE FUNCTION touch_created_at()
public,vendor_contacts,trg_set_updated_at,CREATE TRIGGER trg_set_updated_at BEFORE UPDATE ON vendor_contacts FOR EACH ROW EXECUTE FUNCTION set_updated_at()
public,vendor_contacts,trg_touch_created_at,CREATE TRIGGER trg_touch_created_at BEFORE INSERT ON vendor_contacts FOR EACH ROW EXECUTE FUNCTION touch_created_at()
public,vendor_documents,trg_set_updated_at,CREATE TRIGGER trg_set_updated_at BEFORE UPDATE ON vendor_documents FOR EACH ROW EXECUTE FUNCTION set_updated_at()
public,vendor_documents,trg_touch_created_at,CREATE TRIGGER trg_touch_created_at BEFORE INSERT ON vendor_documents FOR EACH ROW EXECUTE FUNCTION touch_created_at()
public,vendor_qualifications,trg_set_updated_at,CREATE TRIGGER trg_set_updated_at BEFORE UPDATE ON vendor_qualifications FOR EACH ROW EXECUTE FUNCTION set_updated_at()
public,vendor_qualifications,trg_touch_created_at,CREATE TRIGGER trg_touch_created_at BEFORE INSERT ON vendor_qualifications FOR EACH ROW EXECUTE FUNCTION touch_created_at()
public,vendors,trg_set_updated_at,CREATE TRIGGER trg_set_updated_at BEFORE UPDATE ON vendors FOR EACH ROW EXECUTE FUNCTION set_updated_at()
public,vendors,trg_touch_created_at,CREATE TRIGGER trg_touch_created_at BEFORE INSERT ON vendors FOR EACH ROW EXECUTE FUNCTION touch_created_at()
public,wbs,trg_set_updated_at,CREATE TRIGGER trg_set_updated_at BEFORE UPDATE ON wbs FOR EACH ROW EXECUTE FUNCTION set_updated_at()
public,wbs,trg_touch_created_at,CREATE TRIGGER trg_touch_created_at BEFORE INSERT ON wbs FOR EACH ROW EXECUTE FUNCTION touch_created_at()
public,workflows,trg_set_updated_at,CREATE TRIGGER trg_set_updated_at BEFORE UPDATE ON workflows FOR EACH ROW EXECUTE FUNCTION set_updated_at()
public,workflows,trg_touch_created_at,CREATE TRIGGER trg_touch_created_at BEFORE INSERT ON workflows FOR EACH ROW EXECUTE FUNCTION touch_created_at()
realtime,subscription,tr_check_filters,CREATE TRIGGER tr_check_filters BEFORE INSERT OR UPDATE ON realtime.subscription FOR EACH ROW EXECUTE FUNCTION realtime.subscription_check_filters()
storage,buckets,enforce_bucket_name_length_trigger,CREATE TRIGGER enforce_bucket_name_length_trigger BEFORE INSERT OR UPDATE OF name ON storage.buckets FOR EACH ROW EXECUTE FUNCTION storage.enforce_bucket_name_length()
storage,objects,objects_delete_delete_prefix,CREATE TRIGGER objects_delete_delete_prefix AFTER DELETE ON storage.objects FOR EACH ROW EXECUTE FUNCTION storage.delete_prefix_hierarchy_trigger()
storage,objects,objects_insert_create_prefix,CREATE TRIGGER objects_insert_create_prefix BEFORE INSERT ON storage.objects FOR EACH ROW EXECUTE FUNCTION storage.objects_insert_prefix_trigger()
storage,objects,objects_update_create_prefix,CREATE TRIGGER objects_update_create_prefix BEFORE UPDATE ON storage.objects FOR EACH ROW WHEN (new.name <> old.name OR new.bucket_id <> old.bucket_id) EXECUTE FUNCTION storage.objects_update_prefix_trigger()
storage,objects,update_objects_updated_at,CREATE TRIGGER update_objects_updated_at BEFORE UPDATE ON storage.objects FOR EACH ROW EXECUTE FUNCTION storage.update_updated_at_column()
storage,prefixes,prefixes_create_hierarchy,CREATE TRIGGER prefixes_create_hierarchy BEFORE INSERT ON storage.prefixes FOR EACH ROW WHEN (pg_trigger_depth() < 1) EXECUTE FUNCTION storage.prefixes_insert_trigger()
storage,prefixes,prefixes_delete_hierarchy,CREATE TRIGGER prefixes_delete_hierarchy AFTER DELETE ON storage.prefixes FOR EACH ROW EXECUTE FUNCTION storage.delete_prefix_hierarchy_trigger()
